{"cameraMode":{"drawMode":0,"name":"Shaded","section":"Shading Mode"},"sceneLighting":true,"audioPlay":false,"sceneViewState":{"m_AlwaysRefresh":false,"showFog":true,"showSkybox":true,"showFlares":true,"showImageEffects":true,"showParticleSystems":true,"showVisualEffectGraphs":true,"m_FxEnabled":true},"in2DMode":false,"pivot":{"x":-2.7945990562438967,"y":-0.20197956264019013,"z":-2.52817702293396},"rotation":{"x":0.6121387481689453,"y":0.008547822944819928,"z":-0.006602038629353046,"w":0.7906917929649353},"size":12.391023635864258,"orthographic":false}